Job Title,Function,Category,Req Id,Job Id,Country,State,City
"Manager, Qlik Administrator",Business Support Services,,49387 - 83,1318,united states, tx, dallas
"Manager, Deal Advisory and Strategy Analytics, Power BI Designer",Advisory,,49397 - 64,1319,united states, ny, new york
"Senior Associate, Cloud Native Developer",Advisory,,49398 - 16,1320,united states, co, denver
"Senior Associate, Cloud Native Developer",Advisory,,49398 - 19,1321,united states, dc, washington
"Senior Associate, Cloud Native Developer",Advisory,,49398 - 26,1322,united states, ga, atlanta
"Senior Associate, Cloud Native Developer",Advisory,,49398 - 30,1323,united states, il, chicago
"Senior Associate, Cloud Native Developer",Advisory,,49398 - 57,1324,united states, nj, short hills
"Senior Associate, Cloud Native Developer",Advisory,,49398 - 6,1325,united states, ca, irvine
"Senior Associate, Cloud Native Developer",Advisory,,49398 - 64,1326,united states, ny, new york
"Senior Associate, Cloud Native Developer",Advisory,,49398 - 7,1327,united states, ca, los angeles
"Senior Associate, Cloud Native Developer",Advisory,,49398 - 73,1328,united states, pa, philadelphia
"Senior Associate, Cloud Native Developer",Advisory,,49398 - 83,1329,united states, tx, dallas
"Senior Associate, Cloud Native Developer",Advisory,,49398 - 92,1330,united states, va, mclean
"Director, Evidence & Discovery Management",Advisory,,49429 - 64,1331,united states, ny, new york
"Manager, Oracle Cloud Payroll Lead",Advisory,,49438 - 10,1332,united states, ca, san francisco
"Manager, Oracle Cloud Payroll Lead",Advisory,,49438 - 16,1333,united states, co, denver
"Manager, Oracle Cloud Payroll Lead",Advisory,,49438 - 23,1334,united states, fl, orlando
"Manager, Oracle Cloud Payroll Lead",Advisory,,49438 - 30,1335,united states, il, chicago
"Manager, Oracle Cloud Payroll Lead",Advisory,,49438 - 39,1336,united states, ma, boston
"Manager, Oracle Cloud Payroll Lead",Advisory,,49438 - 82,1337,united states, tx, austin
"Manager, Oracle Cloud Payroll Lead",Advisory,,49438 - 83,1338,united states, tx, dallas
"Manager, Oracle Cloud Payroll Lead",Advisory,,49438 - 86,1339,united states, tx, houston
"Senior Associate, Cloud Native Development",Advisory,,49455 - 19,1340,united states, dc, washington
"Senior Associate, Cloud Native Development",Advisory,,49455 - 26,1341,united states, ga, atlanta
"Senior Associate, Cloud Native Development",Advisory,,49455 - 30,1342,united states, il, chicago
"Senior Associate, Cloud Native Development",Advisory,,49455 - 4,1343,united states, az, phoenix
"Senior Associate, Cloud Native Development",Advisory,,49455 - 48,1344,united states, nc, charlotte
"Senior Associate, Cloud Native Development",Advisory,,49455 - 6,1345,united states, ca, irvine
"Senior Associate, Cloud Native Development",Advisory,,49455 - 64,1346,united states, ny, new york
"Senior Associate, Cloud Native Development",Advisory,,49455 - 79,1347,united states, tn, knoxville
"Senior Associate, Cloud Native Development",Advisory,,49455 - 83,1348,united states, tx, dallas
"Senior Associate, Cloud Native Development",Advisory,,49455 - 92,1349,united states, va, mclean
"Director, Actuarial",Advisory,,49460 - 64,1350,united states, ny, new york
Senior Associate FS Regulatory & Compliance - Banking,Advisory,,49472 - 64,1351,united states, ny, new york
"Manager,  Forensics Regulatory & Compliance- HCLS",Advisory,,49473 - 64,1352,united states, ny, new york
"Associate Director, Cloud Security Architect",Business Support Services,,49474 - 26,1353,united states, ga, atlanta
"Associate Director, Cloud Security Architect",Business Support Services,,49474 - 83,1354,united states, tx, dallas
Identity & Access Management Architect,Business Support Services,,49488 - 26,1355,united states, ga, atlanta
Identity & Access Management Architect,Business Support Services,,49488 - 45,1356,united states, mo, saint louis
Identity & Access Management Architect,Business Support Services,,49488 - 83,1357,united states, tx, dallas
"Manager, Oracle Cloud HCM - Recruiting Cloud Functional Lead",Advisory,,49556 - 26,1358,united states, ga, atlanta
"Manager, Oracle Cloud HCM Time & Labor",Advisory,,49557 - 30,1359,united states, il, chicago
"Manager, SAP S/4 HANA Order to Cash",Advisory,,49560 - 30,1360,united states, il, chicago
"Manager, SAP S/4 HANA Order to Cash",Advisory,,49560 - 39,1361,united states, ma, boston
"Manager, SAP S/4 HANA Order to Cash",Advisory,,49560 - 54,1362,united states, nj, montvale
"Manager, SAP S/4 HANA Order to Cash",Advisory,,49560 - 64,1363,united states, ny, new york
"Manager, Data Quality",Business Support Services,,49563 - 54,1364,united states, nj, montvale
"Manager, Data Quality",Business Support Services,,49563 - 58,1365,united states, nj, woodcliff lake
"Manager,  Privileged Access Management (PAM)",Advisory,,49581 - 10,1366,united states, ca, san francisco
"Manager,  Privileged Access Management (PAM)",Advisory,,49581 - 97,1367,united states, wa, seattle
"Manager, Data Lake Enablement",Business Support Services,,49597 - 64,1368,united states, ny, new york
"Manager, Data Lake Enablement",Business Support Services,,49597 - 92,1369,united states, va, mclean
"Manager, Data Lake Solutions",Business Support Services,,49598 - 64,1370,united states, ny, new york
"Manager, Data Lake Solutions",Business Support Services,,49598 - 92,1371,united states, va, mclean
"Manager, ERP (SAP FICO)",Business Support Services,,49610 - 30,1372,united states, il, chicago
"Manager, ERP (SAP FICO)",Business Support Services,,49610 - 83,1373,united states, tx, dallas
"Manager, Lead Oracle Cloud Architect",Advisory,,49614 - 10,1374,united states, ca, san francisco
"Manager, Lead Oracle Cloud Architect",Advisory,,49614 - 30,1375,united states, il, chicago
"Manager, Lead Oracle Cloud Architect",Advisory,,49614 - 83,1376,united states, tx, dallas
"Director, Financial Due Diligence",Advisory,,49627 - 39,1377,united states, ma, boston
"Manager, Pension",Business Support Services,,49629 - 54,1378,united states, nj, montvale
"Senior Director, Security Architect",Business Support Services,,49636 - 26,1379,united states, ga, atlanta
"Senior Director, Security Architect",Business Support Services,,49636 - 30,1380,united states, il, chicago
"Senior Director, Security Architect",Business Support Services,,49636 - 83,1381,united states, tx, dallas
"Director,  FS Regulatory & Comp- Banking",Advisory,,49639 - 64,1382,united states, ny, new york
"Manager, Cyber Security Incident Response",Advisory,,49644 - 30,1383,united states, il, chicago
"Manager, Cyber Security Incident Response",Advisory,,49644 - 83,1384,united states, tx, dallas
"Senior Associate, Federal Data Scientist",Advisory,,49646 - 92,1385,united states, va, mclean
"Manager,  SAP FICO Record to Report",Advisory,,49648 - 16,1386,united states, co, denver
"Manager,  SAP FICO Record to Report",Advisory,,49648 - 26,1387,united states, ga, atlanta
"Manager,  SAP FICO Record to Report",Advisory,,49648 - 30,1388,united states, il, chicago
"Manager,  SAP FICO Record to Report",Advisory,,49648 - 48,1389,united states, nc, charlotte
"Manager,  SAP FICO Record to Report",Advisory,,49648 - 83,1390,united states, tx, dallas
"Sr. Associate, IT Project Management",Business Support Services,,49658 - 30,1391,united states, il, chicago
"Sr. Associate, IT Project Management",Business Support Services,,49658 - 83,1392,united states, tx, dallas
"Manager, Data Analysis (Alteryx SME)",Business Support Services,,49663 - 64,1393,united states, ny, new york
"Manager, Data Analysis (Alteryx SME)",Business Support Services,,49663 - 92,1394,united states, va, mclean
Sr Front End Developer,Tax,,49667 - 89,1395,united states, ut, salt lake city
"Senior Associate, Application Support Analyst",Business Support Services,,49672 - 54,1396,united states, nj, montvale
"Senior Associate, Application Support Analyst",Business Support Services,,49672 - 58,1397,united states, nj, woodcliff lake
"Senior Associate, Federal Internal Audit & Enterprise Risk",Advisory,,49676 - 92,1398,united states, va, mclean
"Senior Associate, Federal Financial Management",Advisory,,49678 - 92,1399,united states, va, mclean
"Director, BISO Federal",Business Support Services,,49680 - 19,1400,united states, dc, washington
"Director, BISO Federal",Business Support Services,,49680 - 26,1401,united states, ga, atlanta
"Director, BISO Federal",Business Support Services,,49680 - 83,1402,united states, tx, dallas
"Director, BISO Tax Technologies",Business Support Services,,49681 - 16,1403,united states, co, denver
"Director, BISO Tax Technologies",Business Support Services,,49681 - 26,1404,united states, ga, atlanta
"Director, BISO Tax Technologies",Business Support Services,,49681 - 83,1405,united states, tx, dallas
"Senior Associate, Oracle Cloud HCM",Advisory,,49686 - 83,1406,united states, tx, dallas
"Senior Manager, Economic and Valuation Services",Tax,,49690 - 20,1407,united states, fl, fort lauderdale
"Senior Manager, Economic and Valuation Services",Tax,,49690 - 22,1408,united states, fl, miami
"Senior Associate, Federal Tech Risk Management",Advisory,,49691 - 19,1409,united states, dc, washington
"Manager, ServiceNow",Advisory,,49693 - 64,1410,united states, ny, new york
"Manager, ServiceNow",Advisory,,49693 - 7,1411,united states, ca, los angeles
"Senior Associate, ServiceNow HRSD",Advisory,,49696 - 30,1412,united states, il, chicago
"Senior Associate, ServiceNow HRSD",Advisory,,49696 - 64,1413,united states, ny, new york
"Manager, ServiceNow HRSD",Advisory,,49697 - 64,1414,united states, ny, new york
"Senior Specialist, Federal ServiceNow Developer",Advisory,,49702 - 92,1415,united states, va, mclean
"Specialist, Federal ServiceNow Developer",Advisory,,49703 - 92,1416,united states, va, mclean
"Senior Associate, Federal Technology Risk Management",Advisory,,49712 - 19,1417,united states, dc, washington
"Associate, Federal Technology Risk Management",Advisory,,49713 - 19,1418,united states, dc, washington
"Associate Director, Cloud Developer",Business Support Services,,49714 - 26,1419,united states, ga, atlanta
"Associate Director, Cloud Developer",Business Support Services,,49714 - 45,1420,united states, mo, saint louis
"Associate Director, Cloud Developer",Business Support Services,,49714 - 83,1421,united states, tx, dallas
"Manager, Federal Technology Modernization",Advisory,,49717 - 19,1422,united states, dc, washington
"Manager, Federal Technology Modernization",Advisory,,49717 - 92,1423,united states, va, mclean
"Manager,  Oracle Procurement",Advisory,,49718 - 83,1424,united states, tx, dallas
"Lead Specialist, Federal Data Scientist",Advisory,,49722 - 92,1425,united states, va, mclean
"Director, Microsoft Dynamics D365 Finance & Operations",Advisory,,49734 - 30,1426,united states, il, chicago
"Sr. Associate, Microsoft Dynamics D365 SCM",Advisory,,49738 - 16,1427,united states, co, denver
"Senior Associate, Federal Internal Audit & Risk Assurance",Advisory,,49740 - 92,1428,united states, va, mclean
"Senior Associate, Federal Financial Management",Advisory,,49741 - 92,1429,united states, va, mclean
Senior Developer - Mobile Applications,Business Support Services,,49743 - 30,1430,united states, il, chicago
Senior Developer - Mobile Applications,Business Support Services,,49743 - 83,1431,united states, tx, dallas
"Senior Associate, Federal Intelligent Automation",Advisory,,49747 - 92,1432,united states, va, mclean
"Senior Associate, Federal ServiceNow Developer",Advisory,,49752 - 19,1433,united states, dc, washington
"Senior Associate, Federal ServiceNow Developer",Advisory,,49752 - 92,1434,united states, va, mclean
"Senior Associate, Federal Supply Chain and Operations",Advisory,,49754 - 26,1435,united states, ga, atlanta
"Senior Associate, Federal Supply Chain & Operations",Advisory,,49756 - 26,1436,united states, ga, atlanta
"Manager, Oracle Cloud Financials",Advisory,,49757 - 16,1437,united states, co, denver
"Manager, Oracle Cloud Financials",Advisory,,49757 - 30,1438,united states, il, chicago
"Manager, Oracle Cloud Financials",Advisory,,49757 - 83,1439,united states, tx, dallas
"Senior Associate, Oracle Cloud Technical Integration Lead",Advisory,,49761 - 16,1440,united states, co, denver
"Senior Associate, Oracle Cloud Technical Integration Lead",Advisory,,49761 - 30,1441,united states, il, chicago
"Senior Associate, Oracle Cloud Technical Integration Lead",Advisory,,49761 - 64,1442,united states, ny, new york
"Senior Associate, Oracle Cloud Technical Integration Lead",Advisory,,49761 - 83,1443,united states, tx, dallas
"Manager, Oracle Cloud Technical Lead",Advisory,,49762 - 16,1444,united states, co, denver
"Manager, Oracle Cloud Technical Lead",Advisory,,49762 - 30,1445,united states, il, chicago
"Manager, Oracle Cloud Technical Lead",Advisory,,49762 - 64,1446,united states, ny, new york
"Manager, Oracle Cloud Technical Lead",Advisory,,49762 - 83,1447,united states, tx, dallas
"Specialist, Federal ServiceNow Developer",Advisory,,49763 - 19,1448,united states, dc, washington
"Specialist, Federal ServiceNow Developer",Advisory,,49763 - 92,1449,united states, va, mclean
Managing Director Economist,Business Support Services,,49764 - 19,1450,united states, dc, washington
Managing Director Economist,Business Support Services,,49764 - 30,1451,united states, il, chicago
Managing Director Economist,Business Support Services,,49764 - 64,1452,united states, ny, new york
"Audit Senior Associate, Japanese Practice",Audit,,49768 - 26,1453,united states, ga, atlanta
"Audit Senior Associate, Japanese Practice",Audit,,49768 - 81,1454,united states, tn, nashville
"Audit Senior Associate, Korean Practice",Audit,,49769 - 26,1455,united states, ga, atlanta
"Audit Paraprofessional, Federal Audit",Audit,,49770 - 19,1456,united states, dc, washington
"Senior Associate, Cloud Cost Management & Optimization",Advisory,,49780 - 30,1457,united states, il, chicago
"Manager, Compliance and Automation",Business Support Services,,49783 - 26,1458,united states, ga, atlanta
"Manager, Compliance and Automation",Business Support Services,,49783 - 45,1459,united states, mo, saint louis
"Manager, Compliance and Automation",Business Support Services,,49783 - 83,1460,united states, tx, dallas
"Manager, IT Audit/Tech Assurance",Advisory,,49789 - 10,1461,united states, ca, san francisco
"Manager, IT Audit/Tech Assurance",Advisory,,49789 - 11,1462,united states, ca, santa clara
"Manager, IT Audit/Tech Assurance",Advisory,,49789 - 6,1463,united states, ca, irvine
"Manager, IT Audit/Tech Assurance",Advisory,,49789 - 7,1464,united states, ca, los angeles
"Manager, Technology Assurance/ IT Audit",Advisory,,49790 - 33,1465,united states, mo, kansas city
"Manager, Technology Assurance/ IT Audit",Advisory,,49790 - 45,1466,united states, mo, saint louis
"Associate, Major Projects Advisory",Advisory,,49791 - 10,1467,united states, ca, san francisco
"Associate, Major Projects Advisory",Advisory,,49794 - 30,1468,united states, il, chicago
"Associate, Major Projects Advisory",Advisory,,49794 - 71,1469,united states, or, portland
"Associate, Major Projects Advisory",Advisory,,49795 - 6,1470,united states, ca, irvine
"Associate, Major Projects Advisory",Advisory,,49795 - 7,1471,united states, ca, los angeles
"Associate, Major Projects Advisory",Advisory,,49796 - 97,1472,united states, wa, seattle
"Manager, Major Projects Advisory (Capital Program Technology)",Advisory,,49797 - 10,1473,united states, ca, san francisco
"Manager, Major Projects Advisory (Capital Program Technology)",Advisory,,49797 - 11,1474,united states, ca, santa clara
"Manager, Major Projects Advisory (Capital Program Technology)",Advisory,,49797 - 30,1475,united states, il, chicago
"Manager, Major Projects Advisory (Capital Program Technology)",Advisory,,49797 - 64,1476,united states, ny, new york
"Manager, Major Projects Advisory (Capital Program Technology)",Advisory,,49797 - 7,1477,united states, ca, los angeles
"Manager, Major Projects Advisory (Capital Program Technology)",Advisory,,49797 - 71,1478,united states, or, portland
"Manager, Major Projects Advisory (Capital Program Technology)",Advisory,,49797 - 83,1479,united states, tx, dallas
"Manager, Major Projects Advisory (Capital Program Technology)",Advisory,,49797 - 97,1480,united states, wa, seattle
"Senior Associate, Workday Financials",Advisory,,49800 - 16,1481,united states, co, denver
"Senior Associate, Workday Financials",Advisory,,49800 - 25,1482,united states, fl, tampa
"Senior Associate, Workday Financials",Advisory,,49800 - 26,1483,united states, ga, atlanta
"Senior Associate, Workday Financials",Advisory,,49800 - 30,1484,united states, il, chicago
"Senior Associate, Workday Financials",Advisory,,49800 - 64,1485,united states, ny, new york
"Senior Associate, Workday Financials",Advisory,,49800 - 83,1486,united states, tx, dallas
"Manager, Workday Financials",Advisory,,49801 - 25,1487,united states, fl, tampa
"Manager, Workday Financials",Advisory,,49801 - 26,1488,united states, ga, atlanta
"Manager, Workday Financials",Advisory,,49801 - 30,1489,united states, il, chicago
"Manager, Workday Financials",Advisory,,49801 - 48,1490,united states, nc, charlotte
"Manager, Workday Financials",Advisory,,49801 - 64,1491,united states, ny, new york
"Manager, Workday Financials",Advisory,,49801 - 83,1492,united states, tx, dallas
"Manager, Foundation Data Model, Workday Financial",Advisory,,49802 - 16,1493,united states, co, denver
"Manager, Foundation Data Model, Workday Financial",Advisory,,49802 - 25,1494,united states, fl, tampa
"Manager, Foundation Data Model, Workday Financial",Advisory,,49802 - 26,1495,united states, ga, atlanta
"Manager, Foundation Data Model, Workday Financial",Advisory,,49802 - 30,1496,united states, il, chicago
"Manager, Foundation Data Model, Workday Financial",Advisory,,49802 - 48,1497,united states, nc, charlotte
"Manager, Foundation Data Model, Workday Financial",Advisory,,49802 - 83,1498,united states, tx, dallas
"Senior Associate, Foundation Data Model (FDM), Workday Financial",Advisory,,49803 - 16,1499,united states, co, denver
"Senior Associate, Foundation Data Model (FDM), Workday Financial",Advisory,,49803 - 25,1500,united states, fl, tampa
"Senior Associate, Foundation Data Model (FDM), Workday Financial",Advisory,,49803 - 26,1501,united states, ga, atlanta
"Senior Associate, Foundation Data Model (FDM), Workday Financial",Advisory,,49803 - 30,1502,united states, il, chicago
"Senior Associate, Foundation Data Model (FDM), Workday Financial",Advisory,,49803 - 48,1503,united states, nc, charlotte
"Senior Associate, Foundation Data Model (FDM), Workday Financial",Advisory,,49803 - 83,1504,united states, tx, dallas
"Senior Associate, Big Data Software Engineer",Advisory,,49807 - 10,1505,united states, ca, san francisco
"Senior Associate, Big Data Software Engineer",Advisory,,49807 - 11,1506,united states, ca, santa clara
"Senior Associate, Big Data Software Engineer",Advisory,,49807 - 16,1507,united states, co, denver
"Senior Associate, Big Data Software Engineer",Advisory,,49807 - 6,1508,united states, ca, irvine
"Senior Associate, Big Data Software Engineer",Advisory,,49807 - 7,1509,united states, ca, los angeles
"Senior Associate, Big Data Software Engineer",Advisory,,49807 - 89,1510,united states, ut, salt lake city
"Senior Associate, Big Data Software Engineer",Advisory,,49807 - 97,1511,united states, wa, seattle
"Manager, Full Stack Development",Tax,,49808 - 16,1512,united states, co, denver
"Director, ServiceNow",Advisory,,49809 - 10,1513,united states, ca, san francisco
"Director, ServiceNow",Advisory,,49809 - 6,1514,united states, ca, irvine
"Director, ServiceNow",Advisory,,49809 - 7,1515,united states, ca, los angeles
"Director, ServiceNow",Advisory,,49809 - 8,1516,united states, ca, sacramento
"Senior Associate, Federal Financial Management",Advisory,,49810 - 92,1517,united states, va, mclean
"Senior Associate, ERP (SAP Technical)",Business Support Services,,49811 - 30,1518,united states, il, chicago
"Senior Associate, ERP (SAP Technical)",Business Support Services,,49811 - 83,1519,united states, tx, dallas
"Manager, Oracle Cloud Financial Accounting Hub",Advisory,,49813 - 16,1520,united states, co, denver
"Manager, Oracle Cloud Financial Accounting Hub",Advisory,,49813 - 19,1521,united states, dc, washington
"Manager, Oracle Cloud Financial Accounting Hub",Advisory,,49813 - 26,1522,united states, ga, atlanta
"Manager, Oracle Cloud Financial Accounting Hub",Advisory,,49813 - 30,1523,united states, il, chicago
"Manager, Oracle Cloud Financial Accounting Hub",Advisory,,49813 - 64,1524,united states, ny, new york
"Manager, Oracle Cloud Financial Accounting Hub",Advisory,,49813 - 83,1525,united states, tx, dallas
"Manager, Oracle Cloud Financials-Functional Lead",Advisory,,49814 - 16,1526,united states, co, denver
"Manager, Oracle Cloud Financials-Functional Lead",Advisory,,49814 - 25,1527,united states, fl, tampa
"Manager, Oracle Cloud Financials-Functional Lead",Advisory,,49814 - 26,1528,united states, ga, atlanta
"Manager, Oracle Cloud Financials-Functional Lead",Advisory,,49814 - 30,1529,united states, il, chicago
"Manager, Oracle Cloud Financials-Functional Lead",Advisory,,49814 - 48,1530,united states, nc, charlotte
"Manager, Oracle Cloud Financials-Functional Lead",Advisory,,49814 - 83,1531,united states, tx, dallas
"Senior Associate, Oracle Cloud Financials Accounting Hub",Advisory,,49815 - 16,1532,united states, co, denver
"Senior Associate, Oracle Cloud Financials Accounting Hub",Advisory,,49815 - 25,1533,united states, fl, tampa
"Senior Associate, Oracle Cloud Financials Accounting Hub",Advisory,,49815 - 26,1534,united states, ga, atlanta
"Senior Associate, Oracle Cloud Financials Accounting Hub",Advisory,,49815 - 30,1535,united states, il, chicago
"Senior Associate, Oracle Cloud Financials Accounting Hub",Advisory,,49815 - 48,1536,united states, nc, charlotte
"Senior Associate, Oracle Cloud Financials Accounting Hub",Advisory,,49815 - 83,1537,united states, tx, dallas
"Associate Director, Systems and Infrastructure Administration",Business Support Services,,49823 - 26,1538,united states, ga, atlanta
"Associate Director, Systems and Infrastructure Administration",Business Support Services,,49823 - 45,1539,united states, mo, saint louis
"Associate Director, Systems and Infrastructure Administration",Business Support Services,,49823 - 59,1540,united states, nm, albuquerque
"Associate Director, Systems and Infrastructure Administration",Business Support Services,,49823 - 83,1541,united states, tx, dallas
"Senior Associate, Federal Tech Assurance",Advisory,,49826 - 19,1542,united states, dc, washington
"Associate, Federal Tech Assurance",Advisory,,49827 - 19,1543,united states, dc, washington
"Senior Associate, Federal Internal Audit & Enterprise Risk",Advisory,,49835 - 92,1544,united states, va, mclean
"Associate, Federal Financial Management",Advisory,,49836 - 92,1545,united states, va, mclean
"Senior Associate, Federal Internal Audit & Enterprise Risk",Advisory,,49837 - 92,1546,united states, va, mclean
"Audit Associate, Korean Practice",Audit,,49844 - 64,1547,united states, ny, new york
"Associate Director, Salesforce Senior Lead Developer",Business Support Services,,49847 - 30,1548,united states, il, chicago
"Associate Director, Salesforce Senior Lead Developer",Business Support Services,,49847 - 83,1549,united states, tx, dallas
"Associate Director, Salesforce Integration Lead",Business Support Services,,49848 - 30,1550,united states, il, chicago
"Associate Director, Salesforce Integration Lead",Business Support Services,,49848 - 83,1551,united states, tx, dallas
"Associate Director, Salesforce Technical Product Owner",Business Support Services,,49849 - 30,1552,united states, il, chicago
"Associate Director, Salesforce Technical Product Owner",Business Support Services,,49849 - 83,1553,united states, tx, dallas
"Manager, Salesforce Technical Solution Delivery Design",Business Support Services,,49850 - 30,1554,united states, il, chicago
"Manager, Salesforce Technical Solution Delivery Design",Business Support Services,,49850 - 83,1555,united states, tx, dallas
"Associate Director, Salesforce Architect (Application Domain Architect)",Business Support Services,,49851 - 30,1556,united states, il, chicago
"Associate Director, Salesforce Architect (Application Domain Architect)",Business Support Services,,49851 - 83,1557,united states, tx, dallas
"Senior Associate, Technology Assurance",Advisory,,49853 - 44,1558,united states, mn, minneapolis
"Senior Associate, Oracle EPM",Advisory,,49854 - 30,1559,united states, il, chicago
"Senior Associate, Federal Financial Management",Advisory,,49855 - 92,1560,united states, va, mclean
"Manager, Deal Advisory and Strategy Analytics, Healthcare",Advisory,,49856 - 30,1561,united states, il, chicago
"Manager, Deal Advisory and Strategy Analytics, Healthcare",Advisory,,49856 - 64,1562,united states, ny, new york
"Senior Associate, Federal Internal Audit & Enterprise Risk",Advisory,,49857 - 92,1563,united states, va, mclean
"Manager, Deal Advisory and Strategy Analytics, Pharma/Life Sciences Revenue and Pricing Analytics",Advisory,,49858 - 30,1564,united states, il, chicago
"Manager, Deal Advisory and Strategy Analytics, Pharma/Life Sciences Revenue and Pricing Analytics",Advisory,,49858 - 64,1565,united states, ny, new york
"Senior Associate, Federal CIO Advisory",Advisory,,49860 - 92,1566,united states, va, mclean
Federal General Ledger/Accounts Payable Manager,Business Support Services,,49861 - 92,1567,united states, va, mclean
"Senior Associate, Federal Intelligent Automation",Advisory,,49862 - 92,1568,united states, va, mclean
"Associate Director, Systems and Infrastructure Administration",Business Support Services,,49863 - 26,1569,united states, ga, atlanta
"Associate Director, Systems and Infrastructure Administration",Business Support Services,,49863 - 45,1570,united states, mo, saint louis
"Associate Director, Systems and Infrastructure Administration",Business Support Services,,49863 - 83,1571,united states, tx, dallas
"Audit Associate, Federal Audit",Audit,,49864 - 19,1572,united states, dc, washington
"Audit Senior Associate, Federal Audit",Audit,,49865 - 19,1573,united states, dc, washington
Federal Billing Manager,Business Support Services,,49867 - 92,1574,united states, va, mclean
"Economist, Manager",Business Support Services,,49869 - 64,1575,united states, ny, new york
"Economist, Manager",Business Support Services,,49869 - 92,1576,united states, va, mclean
"Senior Associate, Development & Exempt Organizations Tax",Tax,,49872 - 64,1577,united states, ny, new york
"Manager, Network Operations Center",Business Support Services,,49919 - 26,1578,united states, ga, atlanta
"Manager, Network Operations Center",Business Support Services,,49919 - 45,1579,united states, mo, saint louis
"Manager, Network Operations Center",Business Support Services,,49919 - 83,1580,united states, tx, dallas
Associate/Senior Associate Technology Risk Management,Advisory,,49922 - 97,1581,united states, wa, seattle
Platform Security Manager,Business Support Services,,49925 - 58,1582,united states, nj, woodcliff lake
"Manager, Technology Assurance",Advisory,,49929 - 6,1583,united states, ca, irvine
"Manager, Technology Assurance",Advisory,,49929 - 7,1584,united states, ca, los angeles
"Manager, IT Audit/Technology Assurance",Advisory,,49930 - 10,1585,united states, ca, san francisco
"Manager, IT Audit/Technology Assurance",Advisory,,49930 - 11,1586,united states, ca, santa clara
"Director, IT Audit/Technology Assurance",Advisory,,49931 - 10,1587,united states, ca, san francisco
"Director, IT Audit/Technology Assurance",Advisory,,49931 - 11,1588,united states, ca, santa clara
"Manager, Technology Assurance",Advisory,,49932 - 6,1589,united states, ca, irvine
"Manager, Technology Assurance",Advisory,,49932 - 7,1590,united states, ca, los angeles
"Manager, Federal Forensic Investigations",Advisory,,49933 - 19,1591,united states, dc, washington
"Manager, Federal Forensic Investigations",Advisory,,49933 - 92,1592,united states, va, mclean
"Senior Specialist, Oracle Cloud Application Support",Advisory,,49940 - 23,1593,united states, fl, orlando
"Senior Specialist, Oracle Cloud Application Support",Advisory,,49941 - 41,1594,united states, md, baltimore
"Lead Specialist, Oracle Cloud Application Support",Advisory,,49942 - 23,1595,united states, fl, orlando
"Lead Specialist, Oracle Cloud Application Support",Advisory,,49942 - 41,1596,united states, md, baltimore
"Senior Specialist, Oracle Cloud Application Support",Advisory,,49944 - 23,1597,united states, fl, orlando
"Senior Specialist, Oracle Cloud Application Support",Advisory,,49944 - 26,1598,united states, ga, atlanta
"Senior Specialist, Oracle Cloud Application Support",Advisory,,49944 - 41,1599,united states, md, baltimore
"Director, Digital Innovation",Business Support Services,,49945 - 30,1600,united states, il, chicago
"Director, Digital Innovation",Business Support Services,,49945 - 83,1601,united states, tx, dallas
"Director, Digital Consulting",Business Support Services,,49946 - 30,1602,united states, il, chicago
"Director, Digital Consulting",Business Support Services,,49946 - 83,1603,united states, tx, dallas
"Associate Director, IT Portfolio Management",Business Support Services,,49948 - 26,1604,united states, ga, atlanta
"Associate Director, IT Portfolio Management",Business Support Services,,49948 - 45,1605,united states, mo, saint louis
"Associate Director, IT Portfolio Management",Business Support Services,,49948 - 83,1606,united states, tx, dallas
"Director, SAP FICO",Advisory,,49950 - 26,1607,united states, ga, atlanta
"Director, SAP FICO",Advisory,,49950 - 30,1608,united states, il, chicago
"Director, SAP FICO",Advisory,,49950 - 48,1609,united states, nc, charlotte
"Director, SAP FICO",Advisory,,49950 - 64,1610,united states, ny, new york
"Director, SAP FICO",Advisory,,49950 - 83,1611,united states, tx, dallas
"Manager, Resource Management",Business Support Services,,49951 - 26,1612,united states, ga, atlanta
"Manager, Resource Management",Business Support Services,,49951 - 30,1613,united states, il, chicago
"Manager, Resource Management",Business Support Services,,49951 - 83,1614,united states, tx, dallas
"Associate Director, Enterprise Architecture",Business Support Services,,49952 - 26,1615,united states, ga, atlanta
"Associate Director, Enterprise Architecture",Business Support Services,,49952 - 30,1616,united states, il, chicago
"Associate Director, Enterprise Architecture",Business Support Services,,49952 - 45,1617,united states, mo, saint louis
"Associate Director, Enterprise Architecture",Business Support Services,,49952 - 83,1618,united states, tx, dallas
"Associate Director, MDM Technical Architect",Business Support Services,,49953 - 83,1619,united states, tx, dallas
"Sr. Associate, DQ Developer",Business Support Services,,49954 - 83,1620,united states, tx, dallas
"Manager, Big Data Hadoop Administration",Business Support Services,,49955 - 30,1621,united states, il, chicago
"Manager, Big Data Hadoop Administration",Business Support Services,,49955 - 83,1622,united states, tx, dallas
"Manager, Informatica Administration",Business Support Services,,49956 - 30,1623,united states, il, chicago
"Manager, Informatica Administration",Business Support Services,,49956 - 83,1624,united states, tx, dallas
"Manager, Threat Intelligence Analyst",Business Support Services,,49959 - 26,1625,united states, ga, atlanta
"Manager, Threat Intelligence Analyst",Business Support Services,,49959 - 30,1626,united states, il, chicago
"Manager, Threat Intelligence Analyst",Business Support Services,,49959 - 83,1627,united states, tx, dallas
"Associate Director, Business Analyst",Business Support Services,,49960 - 26,1628,united states, ga, atlanta
"Associate Director, Business Analyst",Business Support Services,,49960 - 45,1629,united states, mo, saint louis
"Associate Director, Business Analyst",Business Support Services,,49960 - 83,1630,united states, tx, dallas
"Senior Associate, Federal Data Analysis",Advisory,,49966 - 92,1631,united states, va, mclean
"Sr Associate, Appian",Advisory,,49968 - 92,1632,united states, va, mclean
"Manager, Cyber Security Operations, ServiceNow",Advisory,,49970 - 30,1633,united states, il, chicago
"Manager, Cyber Security Operations, ServiceNow",Advisory,,49970 - 83,1634,united states, tx, dallas
Federal Prime Contracts Manager,Advisory,,49972 - 92,1635,united states, va, mclean
Contracts Administrator,Advisory,,49973 - 92,1636,united states, va, mclean
"Associate Director, Metadata",Business Support Services,,49974 - 64,1637,united states, ny, new york
"Associate Director, Metadata",Business Support Services,,49974 - 92,1638,united states, va, mclean
"Seasonal Manager, Financial Services",Tax,,49979 - 64,1639,united states, ny, new york
"Senior Associate, Federal Data Analysis",Advisory,,49980 - 19,1640,united states, dc, washington
"Senior Associate, Federal Data Analysis",Advisory,,49980 - 92,1641,united states, va, mclean
"Senior Manager, Insurance Tax",Tax,,49982 - 39,1642,united states, ma, boston
"Manager, Development & Exempt Organizations",Tax,,49983 - 39,1643,united states, ma, boston
"Lead Specialist, Client Success Management (PE SNOW)",Advisory,,49984 - 23,1644,united states, fl, orlando
Office 365 Operations Support Manager,Business Support Services,,49985 - 26,1645,united states, ga, atlanta
Office 365 Operations Support Manager,Business Support Services,,49985 - 54,1646,united states, nj, montvale
Office 365 Operations Support Manager,Business Support Services,,49985 - 58,1647,united states, nj, woodcliff lake
Office 365 Operations Support Manager,Business Support Services,,49985 - 83,1648,united states, tx, dallas
"Director, Cyber Security - Response",Advisory,,49989 - 30,1649,united states, il, chicago
"Director, Cyber Security - Response",Advisory,,49989 - 83,1650,united states, tx, dallas
"Director, SAP S/4 HANA Plan to Produce Lead",Advisory,,49991 - 30,1651,united states, il, chicago
"Director, SAP S/4 HANA Plan to Produce Lead",Advisory,,49991 - 64,1652,united states, ny, new york
"Director, SAP S/4 HANA Plan to Produce Lead",Advisory,,49991 - 83,1653,united states, tx, dallas
"Associate, Federal Financial Management",Advisory,,49992 - 19,1654,united states, dc, washington
"Associate, Federal Financial Management",Advisory,,49992 - 82,1655,united states, tx, austin
"Lead Specialist, Federal ServiceNow Development",Advisory,,49993 - 19,1656,united states, dc, washington
"Lead Specialist, Federal ServiceNow Development",Advisory,,49993 - 92,1657,united states, va, mclean
"Manager, End Point Services",Business Support Services,,49998 - 26,1658,united states, ga, atlanta
"Manager, End Point Services",Business Support Services,,49998 - 45,1659,united states, mo, saint louis
"Manager, End Point Services",Business Support Services,,49998 - 83,1660,united states, tx, dallas
"Manager, Automation Admin",Business Support Services,,49999 - 30,1661,united states, il, chicago
"Manager, Automation Admin",Business Support Services,,49999 - 83,1662,united states, tx, dallas
"Associate, Federal Financial Management",Advisory,,50000 - 92,1663,united states, va, mclean
"Senior Associate, Federal Financial Management",Advisory,,50001 - 92,1664,united states, va, mclean
"Audit Associate, Federal Audit",Audit,,50005 - 19,1665,united states, dc, washington
"Audit Associate, Japanese Practice",Audit,,50006 - 26,1666,united states, ga, atlanta
"Audit Associate, Japanese Practice",Audit,,50006 - 81,1667,united states, tn, nashville
"Audit Senior Associate, Federal Audit",Audit,,50007 - 19,1668,united states, dc, washington
"Lead Specialist, ServiceNow",Advisory,,50019 - 23,1669,united states, fl, orlando
"Lead Specialist, ServiceNow",Advisory,,50019 - 26,1670,united states, ga, atlanta
"Lead Specialist, ServiceNow",Advisory,,50019 - 86,1671,united states, tx, houston
"Senior Specialist, ServiceNow",Advisory,,50020 - 23,1672,united states, fl, orlando
"Senior Specialist, ServiceNow",Advisory,,50020 - 26,1673,united states, ga, atlanta
"Senior Specialist, ServiceNow",Advisory,,50020 - 86,1674,united states, tx, houston
"Senior Specialist, Workday",Advisory,,50021 - 23,1675,united states, fl, orlando
"Lead Specialist, Workday",Advisory,,50022 - 23,1676,united states, fl, orlando
"Lead Specialist, Workday",Advisory,,50022 - 68,1677,united states, oh, columbus
"Specialist, ServiceNow",Advisory,,50023 - 23,1678,united states, fl, orlando
"Specialist, ServiceNow",Advisory,,50023 - 26,1679,united states, ga, atlanta
"Lead Specialist, Client Success Management",Advisory,,50024 - 23,1680,united states, fl, orlando
"Lead Specialist, ServiceNow",Advisory,,50025 - 23,1681,united states, fl, orlando
"Lead Specialist, ServiceNow",Advisory,,50025 - 26,1682,united states, ga, atlanta
"Lead Specialist, Workday",Advisory,,50026 - 23,1683,united states, fl, orlando
"Manager, Database Administrator",Business Support Services,,50028 - 26,1684,united states, ga, atlanta
"Manager, Database Administrator",Business Support Services,,50028 - 45,1685,united states, mo, saint louis
"Manager, Database Administrator",Business Support Services,,50028 - 83,1686,united states, tx, dallas
"Manager, Capacity and Life cycle Engineer",Business Support Services,,50030 - 26,1687,united states, ga, atlanta
"Manager, Capacity and Life cycle Engineer",Business Support Services,,50030 - 45,1688,united states, mo, saint louis
"Manager, Capacity and Life cycle Engineer",Business Support Services,,50030 - 83,1689,united states, tx, dallas
"Specialist Director, Federal IT Solutions Architect",Advisory,,50031 - 19,1690,united states, dc, washington
"Specialist Director, Federal IT Solutions Architect",Advisory,,50031 - 92,1691,united states, va, mclean
"Lead Specialist, Federal IT Solutions Architect",Advisory,,50032 - 19,1692,united states, dc, washington
"Lead Specialist, Federal IT Solutions Architect",Advisory,,50032 - 92,1693,united states, va, mclean
"Manager,  FS Regulatory & Comp- Capital Markets (RM)",Advisory,,50033 - 64,1694,united states, ny, new york
"Manager,  FS Regulatory & Comp- Capital Markets (DA)",Advisory,,50034 - 64,1695,united states, ny, new york
"Senior Associate, FS Regulatory & Comp- Capital Markets (DA)",Advisory,,50035 - 64,1696,united states, ny, new york
"Senior Associate, FS Regulatory & Comp- Capital Markets (DA)",Advisory,,50036 - 64,1697,united states, ny, new york
"Senior Associate, FS Regulatory & Comp- Capital Markets (RM)",Advisory,,50037 - 64,1698,united states, ny, new york
"Associate/Senior Associate, Technology Assurance (IT Audit)",Advisory,,50038 - 64,1699,united states, ny, new york
"Associate/Senior Associate, Technology Assurance (IT Audit)",Advisory,,50039 - 57,1700,united states, nj, short hills
"Associate/Senior Associate, Technology Assurance (IT Audit)",Advisory,,50040 - 17,1701,united states, ct, hartford
"Associate/Senior Associate, Technology Assurance (IT Audit)",Advisory,,50040 - 39,1702,united states, ma, boston
"Associate/Senior Associate, Technology Assurance",Advisory,,50041 - 45,1703,united states, mo, saint louis
"Manager, Federal Data Analytics",Advisory,,50043 - 19,1704,united states, dc, washington
"Manager, Federal Data Analytics",Advisory,,50043 - 92,1705,united states, va, mclean
"Director, Federal Data Analytics",Advisory,,50044 - 19,1706,united states, dc, washington
"Director, Federal Data Analytics",Advisory,,50044 - 92,1707,united states, va, mclean
"Senior Associate, Federal Data Analytics",Advisory,,50045 - 19,1708,united states, dc, washington
"Senior Associate, Federal Data Analytics",Advisory,,50045 - 92,1709,united states, va, mclean
"Associate/Senior Associate, Technology Assurance (IT Audit)",Advisory,,50046 - 73,1710,united states, pa, philadelphia
"Manager, M&A IT Due Diligence",Advisory,,50049 - 26,1711,united states, ga, atlanta
"Manager, M&A IT Due Diligence",Advisory,,50049 - 30,1712,united states, il, chicago
"Manager, M&A IT Due Diligence",Advisory,,50049 - 64,1713,united states, ny, new york
"Manager, M&A IT Due Diligence",Advisory,,50049 - 7,1714,united states, ca, los angeles
"Manager, M&A IT Due Diligence",Advisory,,50049 - 83,1715,united states, tx, dallas
"Manager, M&A IT Due Diligence",Advisory,,50050 - 26,1716,united states, ga, atlanta
"Manager, M&A IT Due Diligence",Advisory,,50050 - 30,1717,united states, il, chicago
"Manager, M&A IT Due Diligence",Advisory,,50050 - 64,1718,united states, ny, new york
"Manager, M&A IT Due Diligence",Advisory,,50050 - 7,1719,united states, ca, los angeles
"Manager, M&A IT Due Diligence",Advisory,,50050 - 83,1720,united states, tx, dallas
Associate Technology Assurance,Advisory,,50051 - 94,1721,united states, va, richmond
"Manager, SAP S/4 HANA Supply Chain Plan to Produce",Advisory,,50053 - 10,1722,united states, ca, san francisco
"Manager, SAP S/4 HANA Supply Chain Plan to Produce",Advisory,,50053 - 16,1723,united states, co, denver
"Manager, SAP S/4 HANA Supply Chain Plan to Produce",Advisory,,50053 - 30,1724,united states, il, chicago
"Manager, SAP S/4 HANA Supply Chain Plan to Produce",Advisory,,50053 - 7,1725,united states, ca, los angeles
"Manager, SAP S/4 HANA Supply Chain Plan to Produce",Advisory,,50053 - 83,1726,united states, tx, dallas
"Associate/Senior Associate, Technology Assurance",Advisory,,50054 - 6,1727,united states, ca, irvine
"Associate/Senior Associate, Technology Assurance",Advisory,,50054 - 7,1728,united states, ca, los angeles
"Director, SAP FICO Lead",Advisory,,50057 - 10,1729,united states, ca, san francisco
"Director, SAP FICO Lead",Advisory,,50057 - 16,1730,united states, co, denver
"Director, SAP FICO Lead",Advisory,,50057 - 7,1731,united states, ca, los angeles
"Senior Specialist, Service Delivery",Advisory,,50058 - 23,1732,united states, fl, orlando
"Director, Microsoft D365 CRM",Advisory,,50059 - 26,1733,united states, ga, atlanta
"Director, Microsoft D365 CRM",Advisory,,50059 - 30,1734,united states, il, chicago
"Director, Microsoft D365 CRM",Advisory,,50059 - 44,1735,united states, mn, minneapolis
"Director, Microsoft D365 CRM",Advisory,,50059 - 64,1736,united states, ny, new york
"Manager, SAP S/4 HANA Supply Chain Procure to Pay",Advisory,,50060 - 16,1737,united states, co, denver
"Manager, SAP S/4 HANA Supply Chain Procure to Pay",Advisory,,50060 - 30,1738,united states, il, chicago
"Manager, SAP S/4 HANA Supply Chain Procure to Pay",Advisory,,50060 - 83,1739,united states, tx, dallas
"Associate/Senior Associate, Technology Assurance",Advisory,,50062 - 10,1740,united states, ca, san francisco
"Associate/Senior Associate, Technology Assurance",Advisory,,50062 - 11,1741,united states, ca, santa clara
"Manager, Microsoft D365 CRM Technical Architect",Advisory,,50063 - 26,1742,united states, ga, atlanta
"Manager, Microsoft D365 CRM Technical Architect",Advisory,,50063 - 30,1743,united states, il, chicago
"Manager, Microsoft D365 CRM Technical Architect",Advisory,,50063 - 64,1744,united states, ny, new york
"Manager, Microsoft D365 CRM Technical Architect",Advisory,,50063 - 7,1745,united states, ca, los angeles
"Senior Associate, Microsoft D365 CRM Technical Architect",Advisory,,50064 - 26,1746,united states, ga, atlanta
"Senior Associate, Microsoft D365 CRM Technical Architect",Advisory,,50064 - 30,1747,united states, il, chicago
"Senior Associate, Microsoft D365 CRM Technical Architect",Advisory,,50064 - 64,1748,united states, ny, new york
"Senior Associate, Microsoft D365 CRM Technical Architect",Advisory,,50064 - 7,1749,united states, ca, los angeles
"Associate/Senior Associate, Technology Assurance",Advisory,,50065 - 10,1750,united states, ca, san francisco
"Associate/Senior Associate, Technology Assurance",Advisory,,50065 - 11,1751,united states, ca, santa clara
"Manager, M&A Cloud Infrastructure",Advisory,,50068 - 26,1752,united states, ga, atlanta
"Manager, M&A Cloud Infrastructure",Advisory,,50068 - 30,1753,united states, il, chicago
"Manager, M&A Cloud Infrastructure",Advisory,,50068 - 64,1754,united states, ny, new york
"Manager, M&A Cloud Infrastructure",Advisory,,50068 - 7,1755,united states, ca, los angeles
"Manager, M&A Cloud Infrastructure",Advisory,,50068 - 83,1756,united states, tx, dallas
"Manager, M&A CyberSecurity",Advisory,,50070 - 26,1757,united states, ga, atlanta
"Manager, M&A CyberSecurity",Advisory,,50070 - 30,1758,united states, il, chicago
"Manager, M&A CyberSecurity",Advisory,,50070 - 64,1759,united states, ny, new york
"Manager, M&A CyberSecurity",Advisory,,50070 - 7,1760,united states, ca, los angeles
"Manager, M&A CyberSecurity",Advisory,,50070 - 83,1761,united states, tx, dallas
"Senior Associate, M&A Cloud Infrastructure",Advisory,,50072 - 26,1762,united states, ga, atlanta
"Senior Associate, M&A Cloud Infrastructure",Advisory,,50072 - 30,1763,united states, il, chicago
"Senior Associate, M&A Cloud Infrastructure",Advisory,,50072 - 64,1764,united states, ny, new york
"Senior Associate, M&A Cloud Infrastructure",Advisory,,50072 - 7,1765,united states, ca, los angeles
"Senior Associate, M&A Cloud Infrastructure",Advisory,,50072 - 83,1766,united states, tx, dallas
"Sr. Associate, Microsoft Dynamics D365 Finance & Operations",Advisory,,50073 - 16,1767,united states, co, denver
"Sr. Associate, Microsoft Dynamics D365 Finance & Operations",Advisory,,50073 - 30,1768,united states, il, chicago
"Senior Associate, M&A Software Architect",Advisory,,50074 - 26,1769,united states, ga, atlanta
"Senior Associate, M&A Software Architect",Advisory,,50074 - 30,1770,united states, il, chicago
"Senior Associate, M&A Software Architect",Advisory,,50074 - 64,1771,united states, ny, new york
"Senior Associate, M&A Software Architect",Advisory,,50074 - 7,1772,united states, ca, los angeles
"Senior Associate, M&A Software Architect",Advisory,,50074 - 83,1773,united states, tx, dallas
"Senior Associate, M&A IT Due Diligence",Advisory,,50075 - 26,1774,united states, ga, atlanta
"Senior Associate, M&A IT Due Diligence",Advisory,,50075 - 30,1775,united states, il, chicago
"Senior Associate, M&A IT Due Diligence",Advisory,,50075 - 64,1776,united states, ny, new york
"Senior Associate, M&A IT Due Diligence",Advisory,,50075 - 7,1777,united states, ca, los angeles
"Senior Associate, M&A IT Due Diligence",Advisory,,50075 - 83,1778,united states, tx, dallas
"Manager, M&A Software Architect",Advisory,,50076 - 26,1779,united states, ga, atlanta
"Manager, M&A Software Architect",Advisory,,50076 - 30,1780,united states, il, chicago
"Manager, M&A Software Architect",Advisory,,50076 - 64,1781,united states, ny, new york
"Manager, M&A Software Architect",Advisory,,50076 - 7,1782,united states, ca, los angeles
"Manager, M&A Software Architect",Advisory,,50076 - 83,1783,united states, tx, dallas
"Manager, Microsoft Dynamics D365 Finance & Operations Lead",Advisory,,50077 - 16,1784,united states, co, denver
"Manager, Microsoft Dynamics D365 Finance & Operations Lead",Advisory,,50077 - 26,1785,united states, ga, atlanta
"Manager, Microsoft Dynamics D365 Finance & Operations Lead",Advisory,,50077 - 30,1786,united states, il, chicago
"Manager, Microsoft Dynamics D365 Finance & Operations Lead",Advisory,,50077 - 64,1787,united states, ny, new york
"Manager, Microsoft Dynamics D365 Finance & Operations Lead",Advisory,,50077 - 86,1788,united states, tx, houston
"Manager, Microsoft Dynamics D365 SCM / Trade & Logistics - Lead",Advisory,,50079 - 64,1789,united states, ny, new york
"Senior Associate, Workday Financials",Advisory,,50085 - 16,1790,united states, co, denver
"Senior Associate, Workday Financials",Advisory,,50085 - 25,1791,united states, fl, tampa
"Senior Associate, Workday Financials",Advisory,,50085 - 26,1792,united states, ga, atlanta
"Senior Associate, Workday Financials",Advisory,,50085 - 30,1793,united states, il, chicago
"Senior Associate, Workday Financials",Advisory,,50085 - 57,1794,united states, nj, short hills
"Senior Associate, Workday Financials",Advisory,,50085 - 64,1795,united states, ny, new york
"Senior Associate, Workday Financials",Advisory,,50085 - 83,1796,united states, tx, dallas
"Senior Associate, Workday Financials",Advisory,,50085 - 92,1797,united states, va, mclean
"Senior Associate, Workday Integration",Advisory,,50086 - 16,1798,united states, co, denver
"Senior Associate, Workday Integration",Advisory,,50086 - 23,1799,united states, fl, orlando
"Senior Associate, Workday Integration",Advisory,,50086 - 26,1800,united states, ga, atlanta
"Senior Associate, Workday Integration",Advisory,,50086 - 30,1801,united states, il, chicago
"Senior Associate, Workday Integration",Advisory,,50086 - 57,1802,united states, nj, short hills
"Senior Associate, Workday Integration",Advisory,,50086 - 64,1803,united states, ny, new york
"Senior Associate, Workday Integration",Advisory,,50086 - 83,1804,united states, tx, dallas
"Senior Associate, Workday Integration",Advisory,,50086 - 92,1805,united states, va, mclean
"Associate, Federal Business Analyst",Advisory,,50087 - 68,1806,united states, oh, columbus
"Manager, Oracle Cloud Technical Lead",Advisory,,50094 - 10,1807,united states, ca, san francisco
"Manager, Oracle Cloud Technical Lead",Advisory,,50094 - 16,1808,united states, co, denver
"Manager, Oracle Cloud Technical Lead",Advisory,,50094 - 26,1809,united states, ga, atlanta
"Manager, Oracle Cloud Technical Lead",Advisory,,50094 - 30,1810,united states, il, chicago
"Manager, Oracle Cloud Technical Lead",Advisory,,50094 - 48,1811,united states, nc, charlotte
"BTS, Senior Tax Manager",Tax,,50095 - 84,1812,united states, tx, fort worth
"Manager, Technology Assurance",Advisory,,50096 - 10,1813,united states, ca, san francisco
"Manager, Technology Assurance",Advisory,,50096 - 7,1814,united states, ca, los angeles
"Manager, Technical Quality Assurance",Advisory,,50097 - 92,1815,united states, va, mclean
"Specialist Director, Solution Architect (E&T)",Advisory,,50098 - 58,1816,united states, nj, woodcliff lake
"Specialist Director, Solution Architect (E&T)",Advisory,,50098 - 64,1817,united states, ny, new york
